{
  "funds": [
    "Fund_01",
    "Fund_02",
    "Fund_03",
    "Fund_04",
    "Fund_05",
    "Fund_06",
    "Fund_07",
    "Fund_08",
    "Fund_09",
    "Fund_10"
  ],
  "mu_annual": [
    0.018702163884388147,
    0.054605995723744,
    0.0902623761326606,
    0.11393736019203285,
    0.10672422999561684,
    0.14391940068016845,
    0.21782946367271722,
    0.08639193948883306,
    0.17740870178529733,
    0.10332215442613601
  ],
  "sigma_annual": [
    [
      0.0036600512477243004,
      0.0012984570794636794,
      0.00185987386387861,
      0.001650810286990826,
      0.0017877419729471471,
      0.005128042436564098,
      0.0024659617738735833,
      0.006290711194781364,
      0.004371548070327783,
      0.002264024208344823
    ],
    [
      0.0012984570794636794,
      0.0039357389598797445,
      0.0014800748917017607,
      0.002439917235310945,
      0.0041688765461132095,
      0.004181964447393821,
      0.004765177403726615,
      0.004256516202472583,
      0.007840372032518635,
      0.005555596581779248
    ],
    [
      0.00185987386387861,
      0.0014800748917017607,
      0.007130037303625028,
      0.0024512635779636756,
      0.0021270097637129644,
      0.003282765656987695,
      0.004811675255291994,
      0.008035446562686364,
      0.005640354442824719,
      0.006163899132635762
    ],
    [
      0.001650810286990826,
      0.002439917235310945,
      0.0024512635779636756,
      0.012428886690729377,
      0.005945015953419077,
      0.003047213479223159,
      0.00457530025602081,
      0.005187154077707907,
      0.010539336145464224,
      0.003348058076542703
    ],
    [
      0.0017877419729471471,
      0.0041688765461132095,
      0.0021270097637129644,
      0.005945015953419077,
      0.018806519968541772,
      0.005696705358323055,
      0.0085349208459224,
      0.00171796198325572,
      0.00898649251731915,
      0.014339469748302167
    ],
    [
      0.005128042436564098,
      0.004181964447393821,
      0.003282765656987695,
      0.003047213479223159,
      0.005696705358323055,
      0.02615354965498853,
      0.011690673372291254,
      0.012799626408271671,
      0.018677909901678988,
      0.013157395345843939
    ],
    [
      0.0024659617738735833,
      0.004765177403726615,
      0.004811675255291994,
      0.00457530025602081,
      0.0085349208459224,
      0.011690673372291254,
      0.03588443269596307,
      0.01039109321838183,
      0.016110099907070748,
      0.006606626782344786
    ],
    [
      0.006290711194781364,
      0.004256516202472583,
      0.008035446562686364,
      0.005187154077707907,
      0.00171796198325572,
      0.012799626408271671,
      0.01039109321838183,
      0.03725715616157439,
      0.00920984639483593,
      0.002057593683288543
    ],
    [
      0.004371548070327783,
      0.007840372032518635,
      0.005640354442824719,
      0.010539336145464224,
      0.00898649251731915,
      0.018677909901678988,
      0.016110099907070748,
      0.00920984639483593,
      0.04036494223463209,
      0.008703152047717173
    ],
    [
      0.002264024208344823,
      0.005555596581779248,
      0.006163899132635762,
      0.003348058076542703,
      0.014339469748302167,
      0.013157395345843939,
      0.006606626782344786,
      0.002057593683288543,
      0.008703152047717173,
      0.07394353512172466
    ]
  ],
  "optimal_by_A": {
    "1": {
      "weights": [
        0.0,
        0.0,
        0.0,
        0.0,
        0.0,
        0.0,
        0.9999999999999996,
        0.0,
        0.0,
        0.0
      ],
      "expected_return": 0.21782946367271713,
      "variance": 0.035884432695963045,
      "std": 0.18943186821641983,
      "utility": 0.19988724732473562
    },
    "2": {
      "weights": [
        0.0,
        0.0,
        0.0,
        0.0,
        0.0,
        0.0,
        0.9999999999999996,
        0.0,
        0.0,
        0.0
      ],
      "expected_return": 0.21782946367271713,
      "variance": 0.035884432695963045,
      "std": 0.18943186821641983,
      "utility": 0.18194503097675407
    },
    "4": {
      "weights": [
        0.0,
        0.0,
        0.0,
        0.0,
        0.0,
        0.0,
        0.780392380927803,
        0.0,
        0.21960761907219656,
        0.0
      ],
      "expected_return": 0.20895275639353666,
      "variance": 0.02932266173365798,
      "std": 0.17123861052244607,
      "utility": 0.1503074329262207
    },
    "6": {
      "weights": [
        0.0,
        0.0,
        0.0,
        0.23424114018194223,
        0.0,
        0.10300275131052301,
        0.5661827447042628,
        0.0,
        0.09657336380327167,
        0.0
      ],
      "expected_return": 0.18197715011677548,
      "variance": 0.018173465782391922,
      "std": 0.1348089974088967,
      "utility": 0.12745675276959972
    },
    "8": {
      "weights": [
        0.0,
        0.0,
        0.05791778605887619,
        0.3211551897832088,
        0.0,
        0.14133295023124123,
        0.44597645185404056,
        0.0,
        0.03361762207263293,
        0.0
      ],
      "expected_return": 0.1652707950265693,
      "variance": 0.01337570639735891,
      "std": 0.1156533890439831,
      "utility": 0.11176796943713366
    }
  }
}